timestamp,unit_id,unit_type,empire_or_resistance,location_x,location_y,destination_x,destination_y,homeworld
2024-02-06 16:54:41,1,x-wing,resistance,1,9,3,5,Dagobah
2024-02-06 16:54:40,2,stormtrooper,resistance,7,6,4,7,Haruun Kal
2024-02-06 16:54:39,3,tie_fighter,resistance,7,8,8,7,Mon Cala
2024-02-06 16:54:38,4,tie_silencer,resistance,7,8,10,9,Cerea
2024-02-06 16:54:37,5,at-st,resistance,1,3,2,7,Bestine IV
2024-02-06 16:54:36,6,x-wing,resistance,10,1,10,1,Toydaria
2024-02-06 16:54:35,7,at-st,empire,8,9,7,10,Skako
2024-02-06 16:54:34,8,at-st,empire,5,1,9,9,Stewjon
2024-02-06 16:54:33,9,at-at,empire,3,3,4,1,Corellia
2024-02-06 16:54:32,10,tie_silencer,resistance,3,6,7,4,Troiken
2024-02-06 16:54:31,11,tie_fighter,empire,1,8,3,7,Serenno
2024-02-06 16:54:30,12,unknown,resistance,6,10,4,8,Vulpter
2024-02-06 16:54:29,13,resistance_soldier,resistance,7,5,2,3,Zolan
2024-02-06 16:54:28,14,at-at,empire,6,5,8,6,Troiken
2024-02-06 16:54:27,15,tie_fighter,empire,10,5,2,4,Eriadu
2024-02-06 16:54:26,16,x-wing,resistance,6,3,4,2,Iridonia
2024-02-06 16:54:25,17,unknown,empire,5,10,1,10,Iridonia
2024-02-06 16:54:24,18,at-at,resistance,9,1,8,6,Glee Anselm
2024-02-06 16:54:23,19,tie_fighter,resistance,5,9,2,5,Vulpter
2024-02-06 16:54:22,20,resistance_soldier,empire,7,9,6,7,Socorro
2024-02-06 16:54:21,21,stormtrooper,resistance,2,8,10,6,Dathomir
2024-02-06 16:54:20,22,at-st,resistance,6,4,5,5,Dorin
2024-02-06 16:54:19,23,stormtrooper,empire,6,5,8,5,Tholoth
2024-02-06 16:54:18,24,stormtrooper,empire,7,4,8,4,Trandosha
2024-02-06 16:54:17,25,resistance_soldier,empire,3,1,5,3,Tholoth
2024-02-06 16:54:16,26,resistance_soldier,resistance,4,9,3,9,Tatooine
2024-02-06 16:54:15,27,tie_fighter,empire,10,3,9,10,Trandosha
2024-02-06 16:54:14,28,tie_fighter,resistance,1,1,6,10,Eriadu
2024-02-06 16:54:13,29,x-wing,resistance,8,8,4,8,Dorin
2024-02-06 16:54:12,30,tie_fighter,empire,4,6,2,8,Mirial
2024-02-06 16:54:11,31,x-wing,empire,8,8,8,4,Dorin
2024-02-06 16:54:10,32,at-st,resistance,5,4,7,10,Ryloth
2024-02-06 16:54:09,33,x-wing,empire,3,10,6,7,Trandosha
2024-02-06 16:54:08,34,x-wing,resistance,7,1,9,10,Concord Dawn
2024-02-06 16:54:07,35,unknown,empire,7,5,2,1,Tatooine
2024-02-06 16:54:06,36,at-st,resistance,2,9,3,8,Trandosha
2024-02-06 16:54:05,37,stormtrooper,empire,9,7,10,10,Tatooine
2024-02-06 16:54:04,38,at-at,empire,3,9,1,3,Skako
2024-02-06 16:54:03,39,tie_fighter,empire,3,5,9,6,Trandosha
2024-02-06 16:54:02,40,x-wing,empire,3,2,10,5,Mirial
2024-02-06 16:54:01,41,stormtrooper,empire,9,7,10,7,Dagobah
2024-02-06 16:54:00,42,at-st,resistance,7,9,4,8,Concord Dawn
2024-02-06 16:53:59,43,resistance_soldier,empire,7,6,8,9,Eriadu
2024-02-06 16:53:58,44,stormtrooper,empire,7,8,9,9,Zolan
2024-02-06 16:53:57,45,x-wing,empire,4,8,3,9,Vulpter
2024-02-06 16:53:56,46,stormtrooper,resistance,6,8,10,8,Stewjon
2024-02-06 16:53:55,47,at-st,empire,1,5,6,3,Stewjon
2024-02-06 16:53:54,48,resistance_soldier,resistance,6,9,5,2,Rodia
2024-02-06 16:53:53,49,tie_silencer,resistance,4,8,3,8,Kalee
2024-02-06 16:53:52,50,resistance_soldier,resistance,1,3,2,10,Ojom
2024-02-06 16:53:51,51,x-wing,empire,3,5,5,3,Stewjon
2024-02-06 16:53:50,52,tie_silencer,resistance,3,8,9,2,Alderaan
2024-02-06 16:53:49,53,at-st,resistance,4,4,1,1,Troiken
2024-02-06 16:53:48,54,at-at,empire,7,2,6,6,Malastare
2024-02-06 16:53:47,55,tie_fighter,empire,5,9,5,7,Muunilinst
2024-02-06 16:53:46,56,x-wing,resistance,5,2,2,2,Kalee
2024-02-06 16:53:45,57,stormtrooper,empire,2,5,4,9,Serenno
2024-02-06 16:53:44,58,unknown,resistance,9,8,1,10,Dathomir
2024-02-06 16:53:43,59,tie_fighter,empire,7,1,9,9,Dorin
2024-02-06 16:53:42,60,at-at,resistance,3,5,3,8,Ryloth
2024-02-06 16:53:41,61,unknown,empire,5,8,1,5,Mirial
2024-02-06 16:53:40,62,at-st,empire,7,7,7,4,Socorro
2024-02-06 16:53:39,63,x-wing,resistance,4,5,4,10,Bestine IV
2024-02-06 16:53:38,64,unknown,resistance,4,9,1,5,Sullust
2024-02-06 16:53:37,65,tie_silencer,resistance,5,4,8,6,Eriadu
2024-02-06 16:53:36,66,x-wing,empire,9,3,5,1,Aleen Minor
2024-02-06 16:53:35,67,at-st,resistance,10,8,10,10,Cerea
2024-02-06 16:53:34,68,x-wing,resistance,4,7,10,1,Dathomir
2024-02-06 16:53:33,69,at-at,resistance,2,4,10,10,Rodia
2024-02-06 16:53:32,70,tie_silencer,resistance,7,10,6,8,Quermia
2024-02-06 16:53:31,71,unknown,resistance,8,9,2,7,Troiken
2024-02-06 16:53:30,72,at-at,empire,10,1,3,8,Haruun Kal
2024-02-06 16:53:29,73,at-st,resistance,4,4,4,9,Toydaria
2024-02-06 16:53:28,74,at-st,empire,5,7,2,7,Skako
2024-02-06 16:53:27,75,x-wing,empire,10,6,1,8,Troiken
2024-02-06 16:53:26,76,at-st,empire,2,1,1,6,Skako
2024-02-06 16:53:25,77,at-st,empire,8,7,2,3,Eriadu
2024-02-06 16:53:24,78,unknown,empire,1,9,1,6,Skako
2024-02-06 16:53:23,79,tie_silencer,resistance,1,7,1,1,Kashyyyk
2024-02-06 16:53:22,80,x-wing,empire,4,5,2,4,Tatooine
2024-02-06 16:53:21,81,tie_fighter,resistance,5,7,1,10,Quermia
2024-02-06 16:53:20,82,at-at,resistance,3,4,7,5,Sullust
2024-02-06 16:53:19,83,tie_silencer,resistance,4,7,10,5,Socorro
2024-02-06 16:53:18,84,unknown,empire,8,6,10,10,Vulpter
2024-02-06 16:53:17,85,resistance_soldier,resistance,2,9,10,5,Champala
2024-02-06 16:53:16,86,at-st,resistance,4,2,10,3,Kashyyyk
2024-02-06 16:53:15,87,resistance_soldier,resistance,10,3,3,10,Naboo
2024-02-06 16:53:14,88,at-st,resistance,6,5,3,10,Ojom
2024-02-06 16:53:13,89,at-at,empire,10,1,7,9,Umbara
2024-02-06 16:53:12,90,tie_silencer,resistance,8,2,7,7,Ryloth
2024-02-06 16:53:11,91,tie_silencer,empire,10,9,1,8,Troiken
2024-02-06 16:53:10,92,stormtrooper,resistance,10,2,1,1,Haruun Kal
2024-02-06 16:53:09,93,at-st,resistance,10,5,10,4,Alderaan
2024-02-06 16:53:08,94,stormtrooper,empire,5,2,8,8,Umbara
2024-02-06 16:53:07,95,at-st,resistance,7,7,2,6,Dathomir
2024-02-06 16:53:06,96,at-st,empire,5,2,8,9,Iktotch
2024-02-06 16:53:05,97,unknown,resistance,2,9,10,8,Alderaan
2024-02-06 16:53:04,98,x-wing,empire,1,6,9,6,Corellia
2024-02-06 16:53:03,99,resistance_soldier,empire,9,2,3,6,Skako
2024-02-06 16:53:02,100,x-wing,resistance,2,6,2,6,Troiken
2024-02-06 16:53:01,101,x-wing,resistance,3,4,10,1,Eriadu
2024-02-06 16:53:00,102,stormtrooper,empire,9,8,7,6,Serenno
2024-02-06 16:52:59,103,unknown,empire,7,3,5,7,Dorin
2024-02-06 16:52:58,104,tie_silencer,resistance,7,5,3,3,Iktotch
2024-02-06 16:52:57,105,stormtrooper,empire,6,8,9,6,Vulpter
2024-02-06 16:52:56,106,stormtrooper,resistance,7,8,3,3,Dorin
2024-02-06 16:52:55,107,stormtrooper,empire,4,6,10,8,Ojom
2024-02-06 16:52:54,108,at-at,empire,7,10,6,7,Corellia
2024-02-06 16:52:53,109,at-st,empire,10,9,5,5,Trandosha
2024-02-06 16:52:52,110,at-st,empire,9,9,4,5,Stewjon
2024-02-06 16:52:51,111,stormtrooper,empire,4,4,5,7,Concord Dawn
2024-02-06 16:52:50,112,resistance_soldier,empire,5,4,7,7,Ojom
2024-02-06 16:52:49,113,x-wing,empire,3,9,4,4,Concord Dawn
2024-02-06 16:52:48,114,stormtrooper,empire,5,5,10,5,Muunilinst
2024-02-06 16:52:47,115,at-at,empire,5,6,9,4,Corellia
2024-02-06 16:52:46,116,resistance_soldier,empire,2,10,8,10,Rodia
2024-02-06 16:52:45,117,at-st,empire,5,3,5,4,Toydaria
2024-02-06 16:52:44,118,x-wing,empire,1,2,1,1,Tund
2024-02-06 16:52:43,119,x-wing,empire,8,10,6,1,Mirial
2024-02-06 16:52:42,120,tie_fighter,resistance,9,5,7,2,Cerea
2024-02-06 16:52:41,121,tie_silencer,empire,4,4,6,5,Corellia
2024-02-06 16:52:40,122,at-at,empire,4,7,9,4,Skako
2024-02-06 16:52:39,123,unknown,resistance,4,5,2,8,Sullust
2024-02-06 16:52:38,124,at-st,empire,1,2,4,1,Eriadu
2024-02-06 16:52:37,125,at-st,empire,8,9,6,9,Iridonia
2024-02-06 16:52:36,126,at-at,empire,10,6,9,5,Concord Dawn
2024-02-06 16:52:35,127,tie_fighter,empire,7,6,8,10,Troiken
2024-02-06 16:52:34,128,at-st,empire,8,2,2,9,Iktotch
2024-02-06 16:52:33,129,x-wing,empire,8,4,3,5,Stewjon
2024-02-06 16:52:32,130,resistance_soldier,resistance,7,6,10,10,Dathomir
2024-02-06 16:52:31,131,resistance_soldier,resistance,4,1,8,2,Shili
2024-02-06 16:52:30,132,resistance_soldier,resistance,1,10,2,7,Champala
2024-02-06 16:52:29,133,unknown,resistance,6,2,1,8,Champala
2024-02-06 16:52:28,134,tie_fighter,resistance,8,5,5,7,Haruun Kal
2024-02-06 16:52:27,135,tie_fighter,resistance,10,9,8,8,Champala
2024-02-06 16:52:26,136,resistance_soldier,resistance,7,7,7,7,Eriadu
2024-02-06 16:52:25,137,stormtrooper,resistance,2,2,6,10,Haruun Kal
2024-02-06 16:52:24,138,tie_silencer,empire,8,9,7,10,Eriadu
2024-02-06 16:52:23,139,tie_fighter,resistance,6,10,10,1,Troiken
2024-02-06 16:52:22,140,tie_fighter,resistance,7,8,4,10,Chandrila
2024-02-06 16:52:21,141,x-wing,empire,3,10,4,8,Zolan
2024-02-06 16:52:20,142,x-wing,resistance,10,8,6,2,Tholoth
2024-02-06 16:52:19,143,tie_fighter,empire,7,3,3,1,Ojom
2024-02-06 16:52:18,144,tie_fighter,empire,8,3,9,9,Shili
2024-02-06 16:52:17,145,at-st,empire,2,5,6,7,Aleen Minor
2024-02-06 16:52:16,146,resistance_soldier,empire,1,5,4,6,Toydaria
2024-02-06 16:52:15,147,tie_silencer,resistance,7,9,6,2,Chandrila
2024-02-06 16:52:14,148,at-st,resistance,4,6,4,9,Muunilinst
2024-02-06 16:52:13,149,resistance_soldier,resistance,4,6,2,7,Socorro
2024-02-06 16:52:12,150,at-st,resistance,3,2,5,6,Kalee
2024-02-06 16:52:11,151,stormtrooper,empire,10,10,9,4,Serenno
2024-02-06 16:52:10,152,tie_silencer,empire,8,4,5,1,Dathomir
2024-02-06 16:52:09,153,stormtrooper,empire,5,3,3,10,Shili
2024-02-06 16:52:08,154,tie_fighter,empire,6,2,3,4,Vulpter
2024-02-06 16:52:07,155,resistance_soldier,empire,1,3,10,10,Naboo
2024-02-06 16:52:06,156,resistance_soldier,resistance,3,6,4,8,Mon Cala
2024-02-06 16:52:05,157,resistance_soldier,resistance,3,7,4,1,Eriadu
2024-02-06 16:52:04,158,stormtrooper,empire,7,8,6,5,Trandosha
2024-02-06 16:52:03,159,tie_silencer,resistance,3,5,2,7,Alderaan
2024-02-06 16:52:02,160,tie_silencer,empire,1,7,1,1,Dagobah
2024-02-06 16:52:01,161,stormtrooper,empire,1,8,8,9,Kalee
2024-02-06 16:52:00,162,x-wing,resistance,4,1,3,1,Ryloth
2024-02-06 16:51:59,163,tie_silencer,empire,6,7,1,5,Champala
2024-02-06 16:51:58,164,stormtrooper,empire,8,9,9,7,Aleen Minor
2024-02-06 16:51:57,165,unknown,resistance,5,9,9,9,Vulpter
2024-02-06 16:51:56,166,at-st,empire,5,9,2,8,Aleen Minor
2024-02-06 16:51:55,167,at-st,resistance,8,5,8,5,Dathomir
2024-02-06 16:51:54,168,stormtrooper,resistance,8,9,1,8,Trandosha
2024-02-06 16:51:53,169,tie_silencer,empire,4,9,1,4,Tatooine
2024-02-06 16:51:52,170,resistance_soldier,resistance,3,9,7,5,Concord Dawn
2024-02-06 16:51:51,171,stormtrooper,resistance,9,2,5,10,Mirial
2024-02-06 16:51:50,172,resistance_soldier,resistance,4,3,5,7,Quermia
2024-02-06 16:51:49,173,at-at,empire,9,9,5,6,Vulpter
2024-02-06 16:51:48,174,x-wing,empire,6,7,10,9,Serenno
2024-02-06 16:51:47,175,resistance_soldier,empire,3,10,7,5,Dorin
2024-02-06 16:51:46,176,tie_silencer,resistance,8,10,10,3,Mirial
2024-02-06 16:51:45,177,at-st,resistance,7,10,8,3,Rodia
2024-02-06 16:51:44,178,resistance_soldier,empire,6,4,6,2,Muunilinst
2024-02-06 16:51:43,179,unknown,resistance,4,4,10,7,Kashyyyk
2024-02-06 16:51:42,180,resistance_soldier,empire,3,8,1,9,Dagobah
2024-02-06 16:51:41,181,x-wing,empire,4,7,1,10,Dathomir
2024-02-06 16:51:40,182,tie_fighter,empire,1,10,6,6,Stewjon
2024-02-06 16:51:39,183,resistance_soldier,resistance,7,4,10,10,Naboo
2024-02-06 16:51:38,184,tie_fighter,resistance,7,10,10,10,Stewjon
2024-02-06 16:51:37,185,tie_fighter,resistance,4,4,8,5,Shili
2024-02-06 16:51:36,186,x-wing,resistance,1,3,6,3,Eriadu
2024-02-06 16:51:35,187,stormtrooper,resistance,8,1,5,3,Cerea
2024-02-06 16:51:34,188,at-st,resistance,10,4,8,5,Umbara
2024-02-06 16:51:33,189,at-st,empire,10,6,6,5,Cerea
2024-02-06 16:51:32,190,at-st,empire,8,8,2,10,Malastare
2024-02-06 16:51:31,191,resistance_soldier,empire,1,7,9,9,Eriadu
2024-02-06 16:51:30,192,tie_fighter,resistance,10,7,2,7,Serenno
2024-02-06 16:51:29,193,tie_fighter,resistance,4,7,8,5,Naboo
2024-02-06 16:51:28,194,at-at,resistance,3,9,8,4,Ryloth
2024-02-06 16:51:27,195,resistance_soldier,empire,5,10,4,1,Naboo
2024-02-06 16:51:26,196,resistance_soldier,resistance,7,2,9,6,Bestine IV
2024-02-06 16:51:25,197,at-st,resistance,5,5,8,10,Mon Cala
2024-02-06 16:51:24,198,at-st,resistance,8,9,1,8,Umbara
2024-02-06 16:51:23,199,tie_fighter,empire,6,2,10,5,Dagobah
2024-02-06 16:51:22,200,tie_silencer,empire,4,9,5,4,Aleen Minor
2024-02-06 16:51:21,201,resistance_soldier,resistance,10,8,1,8,Toydaria
2024-02-06 16:51:20,202,at-at,empire,4,7,5,9,Naboo
2024-02-06 16:51:19,203,resistance_soldier,empire,9,6,2,10,Stewjon
2024-02-06 16:51:18,204,tie_fighter,empire,1,8,9,5,Tholoth
2024-02-06 16:51:17,205,unknown,resistance,7,10,6,4,Ryloth
2024-02-06 16:51:16,206,unknown,empire,9,9,3,10,Stewjon
2024-02-06 16:51:15,207,unknown,resistance,5,2,5,6,Iktotch
2024-02-06 16:51:14,208,x-wing,resistance,10,9,2,10,Naboo
2024-02-06 16:51:13,209,resistance_soldier,resistance,8,3,10,6,Sullust
2024-02-06 16:51:12,210,unknown,resistance,2,1,1,3,Bestine IV
2024-02-06 16:51:11,211,at-st,empire,4,8,4,2,Dagobah
2024-02-06 16:51:10,212,unknown,resistance,9,6,1,4,Mon Cala
2024-02-06 16:51:09,213,at-at,resistance,9,9,1,2,Shili
2024-02-06 16:51:08,214,tie_fighter,empire,6,2,2,6,Umbara
2024-02-06 16:51:07,215,at-st,empire,8,10,5,2,Shili
2024-02-06 16:51:06,216,stormtrooper,empire,8,8,9,10,Troiken
2024-02-06 16:51:05,217,x-wing,resistance,6,10,10,5,Cerea
2024-02-06 16:51:04,218,tie_fighter,resistance,4,3,4,3,Mon Cala
2024-02-06 16:51:03,219,at-st,empire,6,8,9,10,Concord Dawn
2024-02-06 16:51:02,220,stormtrooper,empire,5,8,6,5,Stewjon
2024-02-06 16:51:01,221,at-st,resistance,4,6,1,4,Shili
2024-02-06 16:51:00,222,tie_silencer,resistance,7,3,6,9,Eriadu
2024-02-06 16:50:59,223,at-at,resistance,6,3,9,1,Chandrila
2024-02-06 16:50:58,224,stormtrooper,empire,7,7,10,9,Tatooine
2024-02-06 16:50:57,225,x-wing,resistance,10,10,1,1,Serenno
2024-02-06 16:50:56,226,unknown,empire,10,4,7,6,Tatooine
2024-02-06 16:50:55,227,at-at,resistance,9,4,8,10,Mon Cala
2024-02-06 16:50:54,228,unknown,empire,7,5,7,3,Tholoth
2024-02-06 16:50:53,229,tie_fighter,resistance,10,5,2,4,Mon Cala
2024-02-06 16:50:52,230,at-st,resistance,4,1,4,6,Tatooine
2024-02-06 16:50:51,231,at-st,empire,1,8,7,8,Toydaria
2024-02-06 16:50:50,232,x-wing,resistance,7,5,3,4,Cerea
2024-02-06 16:50:49,233,x-wing,resistance,4,2,2,9,Dorin
2024-02-06 16:50:48,234,tie_silencer,empire,9,2,7,6,Umbara
2024-02-06 16:50:47,235,stormtrooper,empire,7,1,6,5,Zolan
2024-02-06 16:50:46,236,stormtrooper,resistance,7,4,1,8,Iridonia
2024-02-06 16:50:45,237,x-wing,resistance,8,8,2,8,Tund
2024-02-06 16:50:44,238,at-at,resistance,8,7,4,6,Concord Dawn
2024-02-06 16:50:43,239,unknown,empire,7,9,7,5,Muunilinst
2024-02-06 16:50:42,240,at-st,resistance,10,1,9,5,Tholoth
2024-02-06 16:50:41,241,stormtrooper,resistance,6,1,3,10,Zolan
2024-02-06 16:50:40,242,resistance_soldier,resistance,1,3,8,6,Cerea
2024-02-06 16:50:39,243,at-at,resistance,1,3,4,7,Kashyyyk
2024-02-06 16:50:38,244,unknown,resistance,9,8,5,10,Haruun Kal
2024-02-06 16:50:37,245,tie_fighter,resistance,9,10,3,4,Socorro
2024-02-06 16:50:36,246,tie_fighter,resistance,4,5,9,2,Alderaan
2024-02-06 16:50:35,247,stormtrooper,resistance,3,5,6,9,Iktotch
2024-02-06 16:50:34,248,stormtrooper,resistance,2,10,5,5,Dathomir
2024-02-06 16:50:33,249,tie_fighter,resistance,1,2,6,5,Ojom
2024-02-06 16:50:32,250,x-wing,resistance,5,2,10,7,Naboo
2024-02-06 16:50:31,251,at-st,resistance,5,7,2,2,Dathomir
2024-02-06 16:50:30,252,resistance_soldier,empire,9,8,5,7,Dagobah
2024-02-06 16:50:29,253,tie_silencer,empire,4,9,7,10,Rodia
2024-02-06 16:50:28,254,x-wing,resistance,4,4,3,2,Alderaan
2024-02-06 16:50:27,255,at-st,resistance,6,6,5,3,Sullust
2024-02-06 16:50:26,256,tie_silencer,empire,1,1,8,7,Iridonia
2024-02-06 16:50:25,257,tie_silencer,resistance,5,9,4,5,Ryloth
2024-02-06 16:50:24,258,unknown,resistance,4,10,5,1,Mon Cala
2024-02-06 16:50:23,259,resistance_soldier,empire,5,7,3,8,Shili
2024-02-06 16:50:22,260,tie_silencer,resistance,4,6,3,7,Bestine IV
2024-02-06 16:50:21,261,resistance_soldier,empire,8,10,10,10,Dagobah
2024-02-06 16:50:20,262,stormtrooper,empire,5,4,1,5,Corellia
2024-02-06 16:50:19,263,tie_fighter,resistance,2,1,5,4,Bestine IV
2024-02-06 16:50:18,264,at-st,resistance,3,8,4,1,Chandrila
2024-02-06 16:50:17,265,at-st,resistance,1,1,1,7,Chandrila
2024-02-06 16:50:16,266,unknown,empire,4,9,9,6,Chandrila
2024-02-06 16:50:15,267,at-st,empire,9,10,1,9,Stewjon
2024-02-06 16:50:14,268,resistance_soldier,empire,5,3,10,2,Shili
2024-02-06 16:50:13,269,resistance_soldier,empire,9,4,4,9,Stewjon
2024-02-06 16:50:12,270,unknown,empire,4,8,5,10,Concord Dawn
2024-02-06 16:50:11,271,tie_silencer,resistance,3,6,5,2,Shili
2024-02-06 16:50:10,272,tie_fighter,resistance,10,2,8,9,Iktotch
2024-02-06 16:50:09,273,tie_fighter,empire,10,8,1,1,Serenno
2024-02-06 16:50:08,274,resistance_soldier,resistance,1,6,10,1,Kashyyyk
2024-02-06 16:50:07,275,at-st,resistance,8,2,3,4,Kashyyyk
2024-02-06 16:50:06,276,resistance_soldier,empire,8,3,6,6,Ojom
2024-02-06 16:50:05,277,at-at,empire,3,4,5,10,Vulpter
2024-02-06 16:50:04,278,at-at,empire,7,6,9,3,Zolan
2024-02-06 16:50:03,279,tie_fighter,resistance,8,7,8,9,Sullust
2024-02-06 16:50:02,280,unknown,empire,10,3,6,2,Corellia
2024-02-06 16:50:01,281,unknown,empire,6,8,5,2,Dagobah
2024-02-06 16:50:00,282,at-st,empire,2,5,5,8,Champala
2024-02-06 16:49:59,283,at-st,resistance,10,2,1,10,Mon Cala
2024-02-06 16:49:58,284,unknown,resistance,4,6,4,2,Troiken
2024-02-06 16:49:57,285,unknown,empire,2,9,7,9,Tholoth
2024-02-06 16:49:56,286,unknown,resistance,6,4,4,10,Alderaan
2024-02-06 16:49:55,287,resistance_soldier,resistance,9,5,9,7,Cerea
2024-02-06 16:49:54,288,tie_fighter,empire,1,10,5,3,Muunilinst
2024-02-06 16:49:53,289,tie_fighter,resistance,4,3,6,3,Vulpter
2024-02-06 16:49:52,290,at-st,resistance,2,4,2,3,Toydaria
2024-02-06 16:49:51,291,tie_silencer,resistance,1,6,7,4,Concord Dawn
2024-02-06 16:49:50,292,at-at,resistance,6,6,4,4,Haruun Kal
2024-02-06 16:49:49,293,tie_fighter,resistance,3,7,5,1,Kalee
2024-02-06 16:49:48,294,at-st,empire,8,2,4,6,Eriadu
2024-02-06 16:49:47,295,tie_fighter,empire,7,10,2,2,Malastare
2024-02-06 16:49:46,296,unknown,empire,4,8,10,8,Champala
2024-02-06 16:49:45,297,resistance_soldier,empire,1,1,3,5,Quermia
2024-02-06 16:49:44,298,tie_silencer,resistance,6,2,3,5,Tatooine
2024-02-06 16:49:43,299,tie_silencer,empire,10,8,7,1,Vulpter
2024-02-06 16:49:42,300,resistance_soldier,resistance,5,6,7,10,Quermia
2024-02-06 16:49:41,301,tie_fighter,empire,4,1,10,9,Vulpter
2024-02-06 16:49:40,302,x-wing,empire,2,5,8,3,Naboo
2024-02-06 16:49:39,303,unknown,empire,6,7,1,2,Zolan
2024-02-06 16:49:38,304,at-st,empire,9,3,6,7,Toydaria
2024-02-06 16:49:37,305,at-at,resistance,4,1,8,5,Iktotch
2024-02-06 16:49:36,306,at-at,empire,4,6,3,4,Rodia
2024-02-06 16:49:35,307,at-st,empire,3,9,10,6,Concord Dawn
2024-02-06 16:49:34,308,at-st,resistance,2,10,2,6,Glee Anselm
2024-02-06 16:49:33,309,tie_fighter,empire,7,3,7,7,Concord Dawn
2024-02-06 16:49:32,310,unknown,resistance,2,10,5,9,Champala
2024-02-06 16:49:31,311,at-at,resistance,6,4,3,3,Mirial
2024-02-06 16:49:30,312,at-at,resistance,8,1,5,9,Iridonia
2024-02-06 16:49:29,313,at-at,empire,9,5,4,7,Cerea
2024-02-06 16:49:28,314,x-wing,empire,10,8,1,10,Toydaria
2024-02-06 16:49:27,315,x-wing,resistance,4,8,1,3,Shili
2024-02-06 16:49:26,316,x-wing,resistance,9,2,1,7,Kalee
2024-02-06 16:49:25,317,resistance_soldier,resistance,8,9,8,7,Kashyyyk
2024-02-06 16:49:24,318,tie_fighter,resistance,9,5,5,7,Vulpter
2024-02-06 16:49:23,319,at-at,resistance,6,5,4,8,Alderaan
2024-02-06 16:49:22,320,tie_fighter,empire,3,6,9,9,Dagobah
2024-02-06 16:49:21,321,tie_silencer,empire,8,8,1,7,Glee Anselm
2024-02-06 16:49:20,322,resistance_soldier,resistance,8,1,9,1,Iktotch
2024-02-06 16:49:19,323,at-at,empire,8,10,4,3,Muunilinst
2024-02-06 16:49:18,324,unknown,resistance,3,3,7,2,Troiken
2024-02-06 16:49:17,325,resistance_soldier,empire,1,9,9,3,Muunilinst
2024-02-06 16:49:16,326,tie_fighter,resistance,9,8,9,2,Troiken
2024-02-06 16:49:15,327,at-at,resistance,2,5,4,10,Alderaan
2024-02-06 16:49:14,328,at-at,resistance,8,3,2,6,Shili
2024-02-06 16:49:13,329,tie_fighter,resistance,6,7,3,7,Quermia
2024-02-06 16:49:12,330,unknown,empire,1,7,8,8,Iridonia
2024-02-06 16:49:11,331,resistance_soldier,empire,8,4,1,3,Eriadu
2024-02-06 16:49:10,332,tie_fighter,resistance,7,8,10,7,Alderaan
2024-02-06 16:49:09,333,x-wing,empire,4,2,4,1,Dagobah
2024-02-06 16:49:08,334,at-at,resistance,6,1,3,3,Stewjon
2024-02-06 16:49:07,335,stormtrooper,empire,1,10,7,3,Toydaria
2024-02-06 16:49:06,336,tie_fighter,empire,9,9,10,4,Vulpter
2024-02-06 16:49:05,337,unknown,empire,2,8,2,4,Serenno
2024-02-06 16:49:04,338,at-st,empire,1,9,10,4,Bestine IV
2024-02-06 16:49:03,339,unknown,empire,9,6,6,10,Dorin
2024-02-06 16:49:02,340,unknown,empire,9,8,3,7,Kalee
2024-02-06 16:49:01,341,x-wing,resistance,6,9,1,8,Glee Anselm
2024-02-06 16:49:00,342,tie_silencer,empire,9,1,6,3,Iridonia
2024-02-06 16:48:59,343,tie_silencer,resistance,2,3,7,2,Chandrila
2024-02-06 16:48:58,344,stormtrooper,resistance,1,9,10,4,Alderaan
2024-02-06 16:48:57,345,at-at,empire,9,8,7,8,Trandosha
2024-02-06 16:48:56,346,x-wing,resistance,3,9,1,2,Stewjon
2024-02-06 16:48:55,347,stormtrooper,empire,5,8,1,7,Ojom
2024-02-06 16:48:54,348,unknown,resistance,3,10,7,8,Alderaan
2024-02-06 16:48:53,349,at-at,empire,3,1,2,8,Socorro
2024-02-06 16:48:52,350,unknown,empire,9,4,5,9,Concord Dawn
2024-02-06 16:48:51,351,at-at,empire,5,9,8,5,Mirial
2024-02-06 16:48:50,352,at-st,empire,5,10,3,6,Stewjon
2024-02-06 16:48:49,353,resistance_soldier,resistance,9,9,2,10,Mirial
2024-02-06 16:48:48,354,tie_fighter,resistance,1,2,4,2,Tatooine
2024-02-06 16:48:47,355,tie_fighter,empire,2,6,7,10,Troiken
2024-02-06 16:48:46,356,tie_silencer,resistance,5,2,8,7,Mon Cala
2024-02-06 16:48:45,357,stormtrooper,resistance,5,4,3,8,Mon Cala
2024-02-06 16:48:44,358,x-wing,empire,3,6,1,2,Dathomir
2024-02-06 16:48:43,359,tie_silencer,resistance,4,5,10,1,Aleen Minor
2024-02-06 16:48:42,360,at-st,empire,3,6,7,3,Tund
2024-02-06 16:48:41,361,stormtrooper,resistance,6,4,7,2,Concord Dawn
2024-02-06 16:48:40,362,at-at,empire,3,7,2,1,Iktotch
2024-02-06 16:48:39,363,tie_fighter,empire,6,2,7,7,Champala
2024-02-06 16:48:38,364,tie_silencer,resistance,9,8,6,10,Naboo
2024-02-06 16:48:37,365,unknown,resistance,7,3,8,2,Chandrila
2024-02-06 16:48:36,366,unknown,resistance,9,4,2,5,Mirial
2024-02-06 16:48:35,367,x-wing,resistance,4,4,7,10,Umbara
2024-02-06 16:48:34,368,x-wing,empire,10,8,6,4,Naboo
2024-02-06 16:48:33,369,x-wing,resistance,8,8,9,8,Ryloth
2024-02-06 16:48:32,370,tie_fighter,empire,2,10,4,2,Stewjon
2024-02-06 16:48:31,371,unknown,empire,2,4,7,3,Tund
2024-02-06 16:48:30,372,tie_fighter,empire,5,1,5,6,Concord Dawn
2024-02-06 16:48:29,373,x-wing,empire,7,6,8,6,Champala
2024-02-06 16:48:28,374,resistance_soldier,resistance,8,9,4,2,Kashyyyk
2024-02-06 16:48:27,375,resistance_soldier,empire,5,8,10,10,Tund
2024-02-06 16:48:26,376,stormtrooper,resistance,1,4,7,6,Vulpter
2024-02-06 16:48:25,377,at-at,empire,10,3,6,7,Bestine IV
2024-02-06 16:48:24,378,tie_fighter,resistance,6,8,4,9,Concord Dawn
2024-02-06 16:48:23,379,x-wing,empire,2,7,10,1,Ojom
2024-02-06 16:48:22,380,at-at,empire,4,10,6,9,Quermia
2024-02-06 16:48:21,381,x-wing,empire,6,6,7,9,Stewjon
2024-02-06 16:48:20,382,stormtrooper,empire,1,9,8,7,Dorin
2024-02-06 16:48:19,383,at-at,empire,6,4,10,9,Champala
2024-02-06 16:48:18,384,at-st,empire,9,1,1,10,Muunilinst
2024-02-06 16:48:17,385,at-st,empire,6,2,8,1,Chandrila
2024-02-06 16:48:16,386,tie_fighter,resistance,4,7,5,3,Rodia
2024-02-06 16:48:15,387,x-wing,resistance,5,8,1,6,Tatooine
2024-02-06 16:48:14,388,at-st,resistance,1,5,5,4,Dathomir
2024-02-06 16:48:13,389,resistance_soldier,empire,6,4,9,10,Eriadu
2024-02-06 16:48:12,390,at-st,resistance,6,6,7,4,Iridonia
2024-02-06 16:48:11,391,at-at,resistance,3,6,5,2,Tatooine
2024-02-06 16:48:10,392,x-wing,empire,7,3,7,9,Troiken
2024-02-06 16:48:09,393,unknown,empire,1,1,5,1,Cerea
2024-02-06 16:48:08,394,x-wing,empire,5,8,6,9,Concord Dawn
2024-02-06 16:48:07,395,unknown,empire,10,3,2,4,Zolan
2024-02-06 16:48:06,396,at-st,empire,3,1,4,1,Bestine IV
2024-02-06 16:48:05,397,unknown,empire,7,7,6,1,Mirial
2024-02-06 16:48:04,398,stormtrooper,empire,2,1,3,5,Tund
2024-02-06 16:48:03,399,unknown,empire,5,7,2,7,Trandosha
2024-02-06 16:48:02,400,resistance_soldier,empire,2,6,2,4,Toydaria
2024-02-06 16:48:01,401,at-st,empire,4,3,6,6,Dathomir
2024-02-06 16:48:00,402,tie_silencer,resistance,9,8,8,6,Dagobah
2024-02-06 16:47:59,403,stormtrooper,resistance,4,6,10,2,Dathomir
2024-02-06 16:47:58,404,at-st,resistance,6,1,9,10,Troiken
2024-02-06 16:47:57,405,tie_fighter,empire,8,1,6,1,Malastare
2024-02-06 16:47:56,406,unknown,resistance,3,5,9,2,Haruun Kal
2024-02-06 16:47:55,407,resistance_soldier,empire,10,10,4,1,Bestine IV
2024-02-06 16:47:54,408,x-wing,resistance,3,3,5,4,Troiken
2024-02-06 16:47:53,409,at-at,empire,4,10,1,9,Zolan
2024-02-06 16:47:52,410,at-st,resistance,9,3,1,9,Kalee
2024-02-06 16:47:51,411,at-at,empire,6,1,2,10,Muunilinst
2024-02-06 16:47:50,412,tie_fighter,empire,10,2,6,6,Dorin
2024-02-06 16:47:49,413,at-st,empire,5,5,10,3,Malastare
2024-02-06 16:47:48,414,resistance_soldier,resistance,3,3,2,5,Vulpter
2024-02-06 16:47:47,415,at-at,empire,6,4,8,7,Toydaria
2024-02-06 16:47:46,416,resistance_soldier,empire,1,10,8,5,Muunilinst
2024-02-06 16:47:45,417,unknown,empire,5,3,5,10,Naboo
2024-02-06 16:47:44,418,x-wing,resistance,6,1,8,9,Iridonia
2024-02-06 16:47:43,419,at-at,empire,4,9,6,1,Toydaria
2024-02-06 16:47:42,420,tie_fighter,empire,1,2,8,2,Quermia
2024-02-06 16:47:41,421,tie_fighter,resistance,4,9,9,8,Bestine IV
2024-02-06 16:47:40,422,stormtrooper,empire,1,8,10,8,Vulpter
2024-02-06 16:47:39,423,tie_silencer,resistance,2,7,2,1,Ryloth
2024-02-06 16:47:38,424,tie_fighter,resistance,7,8,7,1,Alderaan
2024-02-06 16:47:37,425,stormtrooper,empire,3,7,8,2,Muunilinst
2024-02-06 16:47:36,426,at-at,resistance,6,3,2,1,Quermia
2024-02-06 16:47:35,427,resistance_soldier,resistance,1,7,10,1,Aleen Minor
2024-02-06 16:47:34,428,tie_silencer,resistance,1,3,6,5,Ryloth
2024-02-06 16:47:33,429,tie_fighter,resistance,3,8,9,4,Umbara
2024-02-06 16:47:32,430,x-wing,empire,5,2,8,10,Mirial
2024-02-06 16:47:31,431,tie_fighter,empire,3,2,8,8,Tatooine
2024-02-06 16:47:30,432,unknown,empire,8,2,6,4,Haruun Kal
2024-02-06 16:47:29,433,at-st,resistance,4,8,3,3,Shili
2024-02-06 16:47:28,434,at-st,empire,10,10,2,7,Serenno
2024-02-06 16:47:27,435,stormtrooper,empire,7,9,8,1,Toydaria
2024-02-06 16:47:26,436,x-wing,empire,8,1,9,6,Ojom
2024-02-06 16:47:25,437,at-at,resistance,4,6,2,10,Mon Cala
2024-02-06 16:47:24,438,resistance_soldier,empire,8,8,3,4,Shili
2024-02-06 16:47:23,439,at-at,resistance,1,2,4,3,Chandrila
2024-02-06 16:47:22,440,at-at,empire,7,4,8,6,Cerea
2024-02-06 16:47:21,441,resistance_soldier,empire,8,9,2,5,Serenno
2024-02-06 16:47:20,442,at-at,empire,10,6,3,6,Corellia
2024-02-06 16:47:19,443,stormtrooper,resistance,10,2,3,3,Chandrila
2024-02-06 16:47:18,444,stormtrooper,resistance,6,2,7,3,Shili
2024-02-06 16:47:17,445,at-st,resistance,6,5,4,7,Quermia
2024-02-06 16:47:16,446,at-st,resistance,6,9,4,8,Kashyyyk
2024-02-06 16:47:15,447,tie_silencer,empire,7,6,6,7,Muunilinst
2024-02-06 16:47:14,448,at-st,resistance,4,6,9,10,Aleen Minor
2024-02-06 16:47:13,449,tie_silencer,empire,1,9,9,2,Naboo
2024-02-06 16:47:12,450,tie_silencer,resistance,8,6,6,7,Socorro
2024-02-06 16:47:11,451,tie_fighter,empire,3,6,5,7,Dagobah
2024-02-06 16:47:10,452,tie_fighter,empire,4,1,7,10,Vulpter
2024-02-06 16:47:09,453,tie_fighter,empire,1,1,6,5,Trandosha
2024-02-06 16:47:08,454,at-st,resistance,7,8,3,10,Kashyyyk
2024-02-06 16:47:07,455,stormtrooper,resistance,2,10,1,1,Quermia
2024-02-06 16:47:06,456,at-at,resistance,7,6,6,9,Rodia
2024-02-06 16:47:05,457,unknown,empire,10,2,6,8,Tholoth
2024-02-06 16:47:04,458,x-wing,resistance,1,9,2,7,Alderaan
2024-02-06 16:47:03,459,tie_fighter,resistance,9,5,3,2,Ryloth
2024-02-06 16:47:02,460,unknown,resistance,5,10,5,8,Troiken
2024-02-06 16:47:01,461,x-wing,empire,8,2,10,7,Toydaria
2024-02-06 16:47:00,462,stormtrooper,resistance,5,3,2,3,Iridonia
2024-02-06 16:46:59,463,at-at,empire,1,10,5,2,Dagobah
2024-02-06 16:46:58,464,unknown,resistance,2,10,4,6,Naboo
2024-02-06 16:46:57,465,stormtrooper,resistance,2,2,9,7,Socorro
2024-02-06 16:46:56,466,tie_silencer,empire,5,5,4,2,Muunilinst
2024-02-06 16:46:55,467,resistance_soldier,resistance,6,4,9,6,Glee Anselm
2024-02-06 16:46:54,468,at-st,resistance,9,8,3,1,Kashyyyk
2024-02-06 16:46:53,469,at-at,resistance,4,6,3,1,Troiken
2024-02-06 16:46:52,470,at-at,resistance,7,3,8,7,Kashyyyk
2024-02-06 16:46:51,471,unknown,resistance,6,1,5,6,Kashyyyk
2024-02-06 16:46:50,472,at-st,empire,5,6,8,3,Serenno
2024-02-06 16:46:49,473,x-wing,resistance,7,6,7,6,Ryloth
2024-02-06 16:46:48,474,at-st,empire,7,9,8,9,Mirial
2024-02-06 16:46:47,475,tie_silencer,resistance,4,1,8,1,Ryloth
2024-02-06 16:46:46,476,stormtrooper,empire,10,6,2,7,Quermia
2024-02-06 16:46:45,477,unknown,resistance,6,9,6,3,Umbara
2024-02-06 16:46:44,478,at-st,empire,10,4,2,7,Umbara
2024-02-06 16:46:43,479,tie_fighter,empire,9,9,8,3,Ojom
2024-02-06 16:46:42,480,x-wing,empire,10,10,1,9,Naboo
2024-02-06 16:46:41,481,resistance_soldier,resistance,3,6,3,6,Mon Cala
2024-02-06 16:46:40,482,at-st,resistance,7,10,4,4,Alderaan
2024-02-06 16:46:39,483,at-st,resistance,5,1,2,3,Chandrila
2024-02-06 16:46:38,484,x-wing,resistance,7,7,5,7,Tatooine
2024-02-06 16:46:37,485,unknown,empire,8,3,1,7,Eriadu
2024-02-06 16:46:36,486,tie_fighter,resistance,5,7,1,4,Alderaan
2024-02-06 16:46:35,487,at-at,resistance,5,8,4,10,Bestine IV
2024-02-06 16:46:34,488,at-at,empire,5,4,8,10,Stewjon
2024-02-06 16:46:33,489,x-wing,resistance,8,9,3,6,Rodia
2024-02-06 16:46:32,490,at-st,empire,1,9,1,5,Eriadu
2024-02-06 16:46:31,491,at-st,resistance,2,9,9,2,Tholoth
2024-02-06 16:46:30,492,at-st,resistance,7,9,7,10,Malastare
2024-02-06 16:46:29,493,at-st,resistance,3,9,4,9,Ojom
2024-02-06 16:46:28,494,x-wing,resistance,7,8,9,1,Quermia
2024-02-06 16:46:27,495,tie_fighter,empire,3,7,10,1,Stewjon
2024-02-06 16:46:26,496,x-wing,resistance,7,9,2,6,Dathomir
2024-02-06 16:46:26,497,tie_silencer,empire,2,9,5,6,Kalee
2024-02-06 16:46:25,498,x-wing,resistance,7,8,10,8,Haruun Kal
2024-02-06 16:46:24,499,resistance_soldier,resistance,4,9,4,4,Trandosha
2024-02-06 16:46:23,500,x-wing,empire,2,5,10,8,Malastare
2024-02-06 16:46:22,501,tie_silencer,resistance,4,8,6,2,Trandosha
2024-02-06 16:46:21,502,resistance_soldier,empire,7,4,1,1,Dorin
2024-02-06 16:46:20,503,unknown,resistance,2,6,10,2,Mon Cala
2024-02-06 16:46:19,504,at-at,resistance,7,4,2,9,Dorin
2024-02-06 16:46:18,505,tie_silencer,empire,2,4,8,3,Stewjon
2024-02-06 16:46:17,506,tie_fighter,empire,4,10,9,3,Champala
2024-02-06 16:46:16,507,stormtrooper,empire,8,3,1,7,Ryloth
2024-02-06 16:46:15,508,tie_fighter,resistance,10,6,7,2,Zolan
2024-02-06 16:46:14,509,stormtrooper,resistance,1,6,7,4,Zolan
2024-02-06 16:46:13,510,unknown,resistance,5,2,1,6,Iridonia
2024-02-06 16:46:12,511,tie_fighter,empire,10,7,9,7,Naboo
2024-02-06 16:46:11,512,x-wing,resistance,1,3,6,2,Dagobah
2024-02-06 16:46:10,513,tie_fighter,resistance,9,6,3,9,Kashyyyk
2024-02-06 16:46:09,514,stormtrooper,resistance,8,8,10,3,Troiken
2024-02-06 16:46:08,515,tie_fighter,empire,1,4,6,6,Bestine IV
2024-02-06 16:46:07,516,tie_fighter,resistance,3,7,8,7,Serenno
2024-02-06 16:46:06,517,resistance_soldier,resistance,5,6,1,4,Troiken
2024-02-06 16:46:05,518,unknown,empire,3,4,9,4,Vulpter
2024-02-06 16:46:04,519,x-wing,empire,4,6,5,6,Stewjon
2024-02-06 16:46:03,520,stormtrooper,resistance,1,8,6,1,Dorin
2024-02-06 16:46:02,521,at-at,empire,7,2,10,5,Skako
2024-02-06 16:46:01,522,at-at,empire,10,8,5,3,Quermia
2024-02-06 16:46:00,523,resistance_soldier,empire,8,6,7,4,Zolan
2024-02-06 16:45:59,524,x-wing,empire,8,8,5,7,Serenno
2024-02-06 16:45:58,525,at-st,empire,8,8,4,10,Cerea
2024-02-06 16:45:57,526,stormtrooper,resistance,5,6,9,5,Trandosha
2024-02-06 16:45:56,527,tie_silencer,empire,3,7,4,4,Iridonia
2024-02-06 16:45:55,528,tie_fighter,empire,8,7,1,10,Tund
2024-02-06 16:45:54,529,stormtrooper,resistance,6,3,1,7,Tund
2024-02-06 16:45:53,530,tie_fighter,resistance,4,6,3,10,Rodia
2024-02-06 16:45:52,531,at-at,resistance,3,2,7,1,Malastare
2024-02-06 16:45:51,532,at-st,resistance,9,7,3,8,Shili
2024-02-06 16:45:50,533,at-at,resistance,8,6,3,1,Trandosha
2024-02-06 16:45:49,534,unknown,resistance,9,7,8,2,Toydaria
2024-02-06 16:45:48,535,at-st,resistance,5,2,7,9,Tatooine
2024-02-06 16:45:47,536,resistance_soldier,resistance,7,7,8,4,Kalee
2024-02-06 16:45:46,537,x-wing,resistance,10,9,2,5,Skako
2024-02-06 16:45:45,538,at-st,resistance,10,7,1,6,Eriadu
2024-02-06 16:45:44,539,x-wing,resistance,7,7,7,8,Zolan
2024-02-06 16:45:43,540,resistance_soldier,resistance,1,8,5,1,Alderaan
2024-02-06 16:45:42,541,at-st,empire,7,9,6,2,Aleen Minor
2024-02-06 16:45:41,542,x-wing,empire,9,10,3,5,Ryloth
2024-02-06 16:45:40,543,tie_fighter,resistance,7,10,6,10,Cerea
2024-02-06 16:45:39,544,tie_silencer,resistance,8,4,10,9,Dorin
2024-02-06 16:45:38,545,unknown,resistance,9,2,8,4,Umbara
2024-02-06 16:45:37,546,tie_silencer,resistance,6,3,8,7,Dorin
2024-02-06 16:45:36,547,tie_fighter,empire,9,7,9,4,Haruun Kal
2024-02-06 16:45:35,548,unknown,empire,9,3,6,2,Concord Dawn
2024-02-06 16:45:34,549,resistance_soldier,resistance,7,5,4,9,Rodia
2024-02-06 16:45:33,550,x-wing,resistance,1,10,6,2,Shili
2024-02-06 16:45:32,551,stormtrooper,resistance,2,2,4,8,Quermia
2024-02-06 16:45:31,552,resistance_soldier,empire,3,3,3,7,Shili
2024-02-06 16:45:30,553,tie_silencer,empire,2,1,8,5,Dathomir
2024-02-06 16:45:29,554,stormtrooper,resistance,4,7,5,5,Sullust
2024-02-06 16:45:28,555,unknown,resistance,3,1,7,7,Vulpter
2024-02-06 16:45:27,556,unknown,resistance,3,3,1,3,Shili
2024-02-06 16:45:26,557,x-wing,resistance,6,1,9,8,Iridonia
2024-02-06 16:45:25,558,unknown,empire,9,10,10,5,Umbara
2024-02-06 16:45:24,559,stormtrooper,resistance,9,1,4,10,Zolan
2024-02-06 16:45:23,560,unknown,empire,3,9,6,1,Dathomir
2024-02-06 16:45:22,561,stormtrooper,resistance,7,2,4,2,Chandrila
2024-02-06 16:45:21,562,tie_fighter,empire,10,6,1,1,Aleen Minor
2024-02-06 16:45:20,563,tie_fighter,resistance,7,9,4,7,Malastare
2024-02-06 16:45:19,564,at-at,empire,7,6,3,5,Tatooine
2024-02-06 16:45:18,565,unknown,empire,3,5,1,6,Mirial
2024-02-06 16:45:17,566,x-wing,empire,2,10,7,7,Trandosha
2024-02-06 16:45:16,567,tie_silencer,resistance,7,1,9,1,Stewjon
2024-02-06 16:45:15,568,unknown,empire,3,6,5,3,Glee Anselm
2024-02-06 16:45:14,569,at-at,empire,1,10,8,9,Chandrila
2024-02-06 16:45:13,570,tie_silencer,resistance,4,7,9,8,Aleen Minor
2024-02-06 16:45:12,571,stormtrooper,empire,9,7,2,2,Troiken
2024-02-06 16:45:11,572,tie_silencer,resistance,2,1,5,5,Iridonia
2024-02-06 16:45:10,573,x-wing,resistance,6,2,3,8,Cerea
2024-02-06 16:45:09,574,at-at,empire,9,1,4,1,Trandosha
2024-02-06 16:45:08,575,tie_silencer,empire,4,3,3,8,Corellia
2024-02-06 16:45:07,576,unknown,resistance,9,9,1,3,Champala
2024-02-06 16:45:06,577,resistance_soldier,empire,6,5,2,4,Glee Anselm
2024-02-06 16:45:05,578,tie_silencer,empire,7,5,9,9,Muunilinst
2024-02-06 16:45:04,579,x-wing,resistance,2,8,3,1,Rodia
2024-02-06 16:45:03,580,x-wing,resistance,9,3,6,1,Sullust
2024-02-06 16:45:02,581,unknown,empire,9,6,8,1,Zolan
2024-02-06 16:45:01,582,at-at,empire,4,2,9,10,Tatooine
2024-02-06 16:45:00,583,at-st,empire,6,7,10,2,Toydaria
2024-02-06 16:44:59,584,stormtrooper,resistance,6,6,5,1,Aleen Minor
2024-02-06 16:44:58,585,resistance_soldier,resistance,2,9,8,7,Concord Dawn
2024-02-06 16:44:57,586,at-at,empire,5,9,4,8,Toydaria
2024-02-06 16:44:56,587,at-at,empire,9,1,3,5,Ojom
2024-02-06 16:44:55,588,tie_silencer,resistance,9,7,10,5,Zolan
2024-02-06 16:44:54,589,at-st,empire,2,3,3,7,Tholoth
2024-02-06 16:44:53,590,tie_silencer,resistance,3,9,5,10,Ojom
2024-02-06 16:44:52,591,at-st,resistance,1,7,10,2,Iridonia
2024-02-06 16:44:51,592,at-at,empire,3,7,2,8,Aleen Minor
2024-02-06 16:44:50,593,tie_silencer,empire,2,1,6,7,Bestine IV
2024-02-06 16:44:49,594,unknown,resistance,9,7,8,10,Naboo
2024-02-06 16:44:48,595,tie_fighter,resistance,9,3,8,3,Rodia
2024-02-06 16:44:47,596,at-at,empire,6,7,4,10,Champala
2024-02-06 16:44:46,597,stormtrooper,empire,6,6,9,2,Rodia
2024-02-06 16:44:45,598,tie_fighter,resistance,2,7,2,8,Iridonia
2024-02-06 16:44:44,599,tie_silencer,resistance,1,6,4,10,Kashyyyk
2024-02-06 16:44:43,600,resistance_soldier,empire,5,2,6,8,Tatooine
2024-02-06 16:44:42,601,unknown,resistance,4,6,7,8,Naboo
2024-02-06 16:44:41,602,unknown,resistance,3,8,8,1,Ryloth
2024-02-06 16:44:40,603,at-at,resistance,6,1,4,6,Sullust
2024-02-06 16:44:39,604,at-at,resistance,10,6,5,9,Eriadu
2024-02-06 16:44:38,605,x-wing,resistance,5,1,6,2,Troiken
2024-02-06 16:44:37,606,at-st,resistance,4,4,1,10,Kashyyyk
2024-02-06 16:44:36,607,resistance_soldier,resistance,1,7,1,1,Eriadu
2024-02-06 16:44:35,608,tie_fighter,empire,6,3,7,3,Tund
2024-02-06 16:44:34,609,unknown,empire,10,10,9,7,Shili
2024-02-06 16:44:33,610,tie_fighter,empire,1,5,6,10,Mirial
2024-02-06 16:44:32,611,stormtrooper,empire,10,7,8,7,Mirial
2024-02-06 16:44:31,612,resistance_soldier,resistance,7,9,5,6,Naboo
2024-02-06 16:44:30,613,stormtrooper,resistance,3,10,10,8,Iridonia
2024-02-06 16:44:29,614,resistance_soldier,resistance,5,9,1,9,Mirial
2024-02-06 16:44:28,615,stormtrooper,resistance,8,6,3,8,Ojom
2024-02-06 16:44:27,616,resistance_soldier,empire,5,10,6,6,Skako
2024-02-06 16:44:26,617,resistance_soldier,resistance,2,1,6,5,Sullust
2024-02-06 16:44:25,618,at-st,empire,4,5,2,7,Malastare
2024-02-06 16:44:24,619,unknown,resistance,4,7,9,10,Mon Cala
2024-02-06 16:44:23,620,stormtrooper,resistance,8,4,2,9,Shili
2024-02-06 16:44:22,621,tie_fighter,resistance,4,2,8,9,Champala
2024-02-06 16:44:21,622,x-wing,empire,10,2,5,10,Muunilinst
2024-02-06 16:44:20,623,tie_silencer,resistance,8,9,6,3,Eriadu
2024-02-06 16:44:19,624,at-at,empire,7,3,10,8,Corellia
2024-02-06 16:44:18,625,at-st,resistance,5,7,2,2,Socorro
2024-02-06 16:44:17,626,resistance_soldier,resistance,4,7,1,6,Chandrila
2024-02-06 16:44:16,627,resistance_soldier,empire,2,2,9,7,Tund
2024-02-06 16:44:15,628,at-at,empire,8,8,7,5,Concord Dawn
2024-02-06 16:44:14,629,tie_fighter,empire,9,6,9,2,Muunilinst
2024-02-06 16:44:13,630,at-st,resistance,1,8,9,3,Iridonia
2024-02-06 16:44:12,631,at-at,empire,6,2,4,8,Bestine IV
2024-02-06 16:44:11,632,tie_silencer,empire,2,6,7,8,Chandrila
2024-02-06 16:44:10,633,unknown,empire,3,6,8,2,Quermia
2024-02-06 16:44:09,634,stormtrooper,empire,9,7,6,7,Haruun Kal
2024-02-06 16:44:08,635,resistance_soldier,empire,2,5,9,9,Corellia
2024-02-06 16:44:07,636,x-wing,resistance,10,5,2,4,Glee Anselm
2024-02-06 16:44:06,637,x-wing,resistance,5,9,10,2,Glee Anselm
2024-02-06 16:44:05,638,resistance_soldier,resistance,3,10,10,10,Alderaan
2024-02-06 16:44:04,639,stormtrooper,resistance,3,10,10,3,Skako
2024-02-06 16:44:03,640,resistance_soldier,resistance,7,6,1,3,Champala
2024-02-06 16:44:02,641,tie_fighter,empire,1,9,10,6,Skako
2024-02-06 16:44:01,642,tie_fighter,resistance,6,4,3,4,Dathomir
2024-02-06 16:44:00,643,resistance_soldier,resistance,10,5,5,3,Champala
2024-02-06 16:43:59,644,at-st,resistance,9,1,2,10,Kalee
2024-02-06 16:43:58,645,resistance_soldier,empire,1,6,2,2,Iktotch
2024-02-06 16:43:57,646,at-st,empire,9,4,9,1,Muunilinst
2024-02-06 16:43:56,647,unknown,resistance,2,2,5,5,Haruun Kal
2024-02-06 16:43:55,648,resistance_soldier,resistance,9,5,7,4,Naboo
2024-02-06 16:43:54,649,stormtrooper,empire,5,8,9,3,Tund
2024-02-06 16:43:53,650,x-wing,resistance,3,6,7,3,Ojom
2024-02-06 16:43:52,651,tie_silencer,resistance,8,8,8,3,Haruun Kal
2024-02-06 16:43:51,652,stormtrooper,empire,4,6,10,8,Muunilinst
2024-02-06 16:43:50,653,at-st,empire,2,6,7,8,Vulpter
2024-02-06 16:43:49,654,at-st,resistance,1,5,9,3,Sullust
2024-02-06 16:43:48,655,tie_silencer,resistance,8,6,2,5,Mon Cala
2024-02-06 16:43:47,656,at-at,resistance,3,3,6,7,Skako
2024-02-06 16:43:46,657,tie_fighter,empire,1,6,10,6,Tatooine
2024-02-06 16:43:45,658,at-st,resistance,1,2,6,2,Chandrila
2024-02-06 16:43:44,659,stormtrooper,empire,1,2,10,6,Corellia
2024-02-06 16:43:43,660,tie_silencer,resistance,10,6,2,9,Sullust
2024-02-06 16:43:42,661,tie_silencer,empire,1,4,1,9,Concord Dawn
2024-02-06 16:43:41,662,at-at,resistance,8,5,4,6,Haruun Kal
2024-02-06 16:43:40,663,tie_fighter,empire,4,7,5,2,Rodia
2024-02-06 16:43:39,664,x-wing,resistance,8,1,2,9,Ryloth
2024-02-06 16:43:38,665,at-st,resistance,7,4,10,7,Umbara
2024-02-06 16:43:37,666,at-at,empire,9,1,5,4,Stewjon
2024-02-06 16:43:36,667,tie_fighter,resistance,1,7,3,9,Sullust
2024-02-06 16:43:35,668,stormtrooper,resistance,2,7,6,9,Kashyyyk
2024-02-06 16:43:34,669,at-at,empire,1,8,6,6,Corellia
2024-02-06 16:43:33,670,unknown,empire,8,5,5,8,Ojom
2024-02-06 16:43:32,671,at-st,empire,9,10,1,5,Eriadu
2024-02-06 16:43:31,672,stormtrooper,empire,1,6,6,3,Kalee
2024-02-06 16:43:30,673,stormtrooper,resistance,6,5,8,8,Chandrila
2024-02-06 16:43:29,674,at-st,empire,6,1,2,2,Dagobah
2024-02-06 16:43:28,675,unknown,resistance,8,1,2,5,Alderaan
2024-02-06 16:43:27,676,tie_silencer,empire,3,2,8,4,Iktotch
2024-02-06 16:43:26,677,tie_silencer,resistance,1,2,7,4,Trandosha
2024-02-06 16:43:25,678,tie_silencer,resistance,2,8,5,2,Toydaria
2024-02-06 16:43:24,679,tie_silencer,empire,5,4,3,10,Malastare
2024-02-06 16:43:23,680,x-wing,resistance,8,8,7,2,Iridonia
2024-02-06 16:43:22,681,stormtrooper,resistance,7,2,9,6,Cerea
2024-02-06 16:43:21,682,stormtrooper,empire,9,7,4,9,Corellia
2024-02-06 16:43:20,683,x-wing,empire,9,7,9,10,Troiken
2024-02-06 16:43:19,684,stormtrooper,resistance,5,9,3,8,Naboo
2024-02-06 16:43:18,685,tie_silencer,resistance,8,4,10,3,Malastare
2024-02-06 16:43:17,686,tie_fighter,empire,6,2,9,9,Muunilinst
2024-02-06 16:43:16,687,unknown,resistance,10,2,8,5,Ojom
2024-02-06 16:43:15,688,tie_fighter,resistance,2,1,2,7,Socorro
2024-02-06 16:43:14,689,stormtrooper,resistance,10,1,10,8,Iridonia
2024-02-06 16:43:13,690,tie_fighter,empire,1,6,8,10,Toydaria
2024-02-06 16:43:12,691,stormtrooper,resistance,1,8,5,9,Sullust
2024-02-06 16:43:11,692,tie_fighter,empire,9,1,3,3,Iktotch
2024-02-06 16:43:10,693,stormtrooper,empire,6,8,9,2,Rodia
2024-02-06 16:43:09,694,at-st,resistance,10,1,6,7,Champala
2024-02-06 16:43:08,695,at-st,empire,1,2,7,1,Tund
2024-02-06 16:43:07,696,x-wing,resistance,5,2,9,3,Kalee
2024-02-06 16:43:06,697,x-wing,resistance,4,4,8,6,Mon Cala
2024-02-06 16:43:05,698,at-st,resistance,1,8,2,5,Naboo
2024-02-06 16:43:04,699,resistance_soldier,resistance,9,8,8,9,Chandrila
2024-02-06 16:43:03,700,tie_silencer,empire,3,3,8,2,Iktotch
2024-02-06 16:43:02,701,unknown,empire,4,3,8,1,Tatooine
2024-02-06 16:43:01,702,tie_fighter,empire,8,6,8,3,Troiken
2024-02-06 16:43:00,703,at-st,resistance,3,2,8,9,Haruun Kal
2024-02-06 16:42:59,704,resistance_soldier,resistance,10,7,8,3,Trandosha
2024-02-06 16:42:58,705,stormtrooper,empire,9,10,6,4,Corellia
2024-02-06 16:42:57,706,unknown,resistance,8,4,10,3,Eriadu
2024-02-06 16:42:56,707,resistance_soldier,empire,5,6,3,7,Stewjon
2024-02-06 16:42:55,708,x-wing,resistance,7,5,7,3,Socorro
2024-02-06 16:42:54,709,resistance_soldier,resistance,9,7,4,8,Tatooine
2024-02-06 16:42:53,710,at-at,empire,7,4,2,7,Toydaria
2024-02-06 16:42:52,711,tie_fighter,resistance,4,2,1,8,Dathomir
2024-02-06 16:42:51,712,at-st,empire,9,9,8,8,Haruun Kal
2024-02-06 16:42:50,713,stormtrooper,resistance,8,3,5,3,Stewjon
2024-02-06 16:42:49,714,stormtrooper,resistance,7,3,8,8,Aleen Minor
2024-02-06 16:42:48,715,stormtrooper,resistance,3,2,5,6,Dorin
2024-02-06 16:42:47,716,tie_fighter,empire,10,5,7,8,Corellia
2024-02-06 16:42:46,717,unknown,empire,1,4,1,10,Serenno
2024-02-06 16:42:45,718,x-wing,resistance,1,6,4,4,Naboo
2024-02-06 16:42:44,719,at-at,resistance,5,10,1,6,Malastare
2024-02-06 16:42:43,720,resistance_soldier,empire,1,9,10,5,Umbara
2024-02-06 16:42:42,721,x-wing,empire,8,5,7,2,Skako
2024-02-06 16:42:41,722,x-wing,empire,1,4,9,4,Malastare
2024-02-06 16:42:40,723,x-wing,resistance,3,10,10,8,Ryloth
2024-02-06 16:42:39,724,at-st,resistance,10,5,3,2,Cerea
2024-02-06 16:42:38,725,resistance_soldier,empire,6,3,9,10,Chandrila
2024-02-06 16:42:37,726,stormtrooper,resistance,8,9,4,8,Serenno
2024-02-06 16:42:36,727,x-wing,empire,1,5,3,3,Cerea
2024-02-06 16:42:35,728,at-at,resistance,3,8,5,2,Champala
2024-02-06 16:42:34,729,tie_fighter,resistance,3,1,3,5,Mirial
2024-02-06 16:42:33,730,tie_silencer,resistance,8,4,10,4,Muunilinst
2024-02-06 16:42:32,731,at-at,empire,10,8,4,9,Champala
2024-02-06 16:42:31,732,unknown,resistance,10,10,7,5,Umbara
2024-02-06 16:42:30,733,x-wing,resistance,4,8,10,3,Alderaan
2024-02-06 16:42:29,734,at-st,empire,3,5,3,6,Cerea
2024-02-06 16:42:28,735,stormtrooper,empire,6,1,9,9,Serenno
2024-02-06 16:42:27,736,unknown,resistance,6,10,2,10,Sullust
2024-02-06 16:42:26,737,x-wing,empire,2,10,4,6,Zolan
2024-02-06 16:42:25,738,tie_fighter,resistance,3,1,6,10,Iridonia
2024-02-06 16:42:24,739,stormtrooper,resistance,6,5,9,8,Socorro
2024-02-06 16:42:23,740,resistance_soldier,empire,7,9,10,9,Rodia
2024-02-06 16:42:22,741,at-st,empire,2,2,8,8,Tatooine
2024-02-06 16:42:21,742,at-st,empire,9,7,5,1,Muunilinst
2024-02-06 16:42:20,743,stormtrooper,resistance,1,2,3,8,Alderaan
2024-02-06 16:42:19,744,stormtrooper,resistance,5,9,2,2,Iridonia
2024-02-06 16:42:18,745,x-wing,resistance,7,2,3,9,Shili
2024-02-06 16:42:17,746,x-wing,resistance,7,7,9,7,Mirial
2024-02-06 16:42:16,747,resistance_soldier,empire,10,7,7,2,Bestine IV
2024-02-06 16:42:15,748,at-st,resistance,6,5,1,8,Quermia
2024-02-06 16:42:14,749,unknown,empire,7,7,10,6,Concord Dawn
2024-02-06 16:42:13,750,unknown,resistance,5,3,9,7,Ryloth
2024-02-06 16:42:12,751,tie_fighter,resistance,1,1,10,10,Glee Anselm
2024-02-06 16:42:11,752,at-st,empire,8,3,4,6,Quermia
2024-02-06 16:42:10,753,x-wing,empire,7,5,5,8,Mirial
2024-02-06 16:42:09,754,unknown,resistance,5,10,1,9,Alderaan
2024-02-06 16:42:08,755,at-at,resistance,6,6,2,5,Champala
2024-02-06 16:42:07,756,stormtrooper,resistance,1,2,8,9,Mon Cala
2024-02-06 16:42:06,757,tie_silencer,empire,9,10,4,10,Corellia
2024-02-06 16:42:05,758,tie_silencer,empire,1,5,10,7,Muunilinst
2024-02-06 16:42:04,759,tie_fighter,resistance,2,4,1,3,Mirial
2024-02-06 16:42:03,760,stormtrooper,empire,1,8,8,9,Trandosha
2024-02-06 16:42:02,761,resistance_soldier,resistance,2,4,9,3,Dorin
2024-02-06 16:42:01,762,tie_silencer,empire,7,4,8,1,Tund
2024-02-06 16:42:00,763,resistance_soldier,resistance,1,3,7,5,Ryloth
2024-02-06 16:41:59,764,resistance_soldier,resistance,7,4,2,10,Haruun Kal
2024-02-06 16:41:58,765,at-at,resistance,3,10,1,2,Socorro
2024-02-06 16:41:57,766,stormtrooper,resistance,4,1,7,2,Dathomir
2024-02-06 16:41:56,767,resistance_soldier,empire,9,8,9,6,Corellia
2024-02-06 16:41:55,768,at-at,resistance,5,3,2,8,Mirial
2024-02-06 16:41:54,769,at-at,empire,9,2,6,2,Rodia
2024-02-06 16:41:53,770,resistance_soldier,resistance,9,6,6,1,Dathomir
2024-02-06 16:41:52,771,at-st,resistance,2,8,6,1,Naboo
2024-02-06 16:41:51,772,unknown,empire,7,5,8,5,Tholoth
2024-02-06 16:41:50,773,tie_silencer,resistance,1,1,4,4,Aleen Minor
2024-02-06 16:41:49,774,stormtrooper,resistance,7,10,1,5,Iktotch
2024-02-06 16:41:48,775,x-wing,empire,9,6,2,3,Iktotch
2024-02-06 16:41:47,776,tie_fighter,empire,2,6,8,4,Ojom
2024-02-06 16:41:46,777,tie_fighter,resistance,2,10,3,7,Chandrila
2024-02-06 16:41:45,778,x-wing,resistance,9,1,4,7,Alderaan
2024-02-06 16:41:44,779,resistance_soldier,resistance,3,2,5,4,Sullust
2024-02-06 16:41:43,780,unknown,empire,5,7,8,4,Dagobah
2024-02-06 16:41:42,781,x-wing,empire,2,3,4,3,Stewjon
2024-02-06 16:41:41,782,x-wing,resistance,2,4,7,7,Umbara
2024-02-06 16:41:40,783,unknown,empire,10,4,1,4,Muunilinst
2024-02-06 16:41:39,784,tie_fighter,resistance,9,5,8,3,Glee Anselm
2024-02-06 16:41:38,785,x-wing,empire,6,2,2,5,Iridonia
2024-02-06 16:41:37,786,unknown,empire,8,7,8,1,Corellia
2024-02-06 16:41:36,787,tie_fighter,resistance,1,1,9,6,Ryloth
2024-02-06 16:41:35,788,at-at,resistance,8,9,5,1,Iridonia
2024-02-06 16:41:34,789,x-wing,empire,1,9,6,1,Serenno
2024-02-06 16:41:33,790,at-st,empire,2,8,5,4,Skako
2024-02-06 16:41:32,791,at-st,resistance,5,9,1,2,Aleen Minor
2024-02-06 16:41:31,792,tie_silencer,resistance,9,1,6,8,Ryloth
2024-02-06 16:41:30,793,x-wing,resistance,7,4,1,7,Quermia
2024-02-06 16:41:29,794,resistance_soldier,resistance,2,9,9,3,Glee Anselm
2024-02-06 16:41:28,795,x-wing,empire,8,10,2,3,Stewjon
2024-02-06 16:41:27,796,at-st,empire,9,1,10,1,Tund
2024-02-06 16:41:26,797,tie_fighter,resistance,7,6,3,4,Ojom
2024-02-06 16:41:25,798,unknown,empire,5,8,6,6,Eriadu
2024-02-06 16:41:24,799,at-st,empire,8,7,2,6,Mirial
2024-02-06 16:41:23,800,unknown,resistance,9,1,10,3,Glee Anselm
2024-02-06 16:41:22,801,resistance_soldier,resistance,10,7,10,10,Iridonia
2024-02-06 16:41:21,802,resistance_soldier,resistance,2,4,3,10,Kashyyyk
2024-02-06 16:41:20,803,tie_silencer,empire,1,10,1,3,Serenno
2024-02-06 16:41:19,804,x-wing,resistance,7,3,5,8,Ojom
2024-02-06 16:41:18,805,resistance_soldier,resistance,4,9,2,6,Rodia
2024-02-06 16:41:17,806,tie_fighter,resistance,8,4,7,1,Kashyyyk
2024-02-06 16:41:16,807,at-st,empire,9,3,9,10,Rodia
2024-02-06 16:41:15,808,tie_silencer,empire,8,6,5,8,Champala
2024-02-06 16:41:14,809,tie_silencer,empire,2,4,1,5,Eriadu
2024-02-06 16:41:13,810,x-wing,resistance,6,3,1,8,Umbara
2024-02-06 16:41:12,811,at-at,resistance,7,7,6,4,Umbara
2024-02-06 16:41:11,812,tie_fighter,resistance,5,3,5,9,Champala
2024-02-06 16:41:10,813,at-at,empire,3,6,7,3,Tatooine
2024-02-06 16:41:09,814,at-st,empire,7,7,5,4,Bestine IV
2024-02-06 16:41:08,815,x-wing,resistance,10,5,9,10,Rodia
2024-02-06 16:41:07,816,at-at,empire,5,5,5,8,Vulpter
2024-02-06 16:41:06,817,stormtrooper,resistance,6,7,3,8,Iridonia
2024-02-06 16:41:05,818,stormtrooper,resistance,1,10,4,8,Quermia
2024-02-06 16:41:04,819,tie_silencer,resistance,7,4,5,10,Dathomir
2024-02-06 16:41:03,820,stormtrooper,empire,8,3,8,4,Muunilinst
2024-02-06 16:41:02,821,unknown,resistance,4,5,4,1,Shili
2024-02-06 16:41:01,822,x-wing,resistance,9,10,5,5,Kashyyyk
2024-02-06 16:41:00,823,tie_fighter,resistance,1,6,1,7,Ojom
2024-02-06 16:40:59,824,x-wing,resistance,4,2,9,5,Rodia
2024-02-06 16:40:58,825,stormtrooper,resistance,5,7,1,4,Cerea
2024-02-06 16:40:57,826,at-at,resistance,5,1,10,5,Umbara
2024-02-06 16:40:56,827,at-st,resistance,1,4,9,8,Naboo
2024-02-06 16:40:55,828,resistance_soldier,resistance,8,3,7,2,Socorro
2024-02-06 16:40:54,829,stormtrooper,resistance,5,2,5,4,Troiken
2024-02-06 16:40:53,830,unknown,empire,3,3,10,5,Skako
2024-02-06 16:40:52,831,at-at,empire,7,8,8,4,Toydaria
2024-02-06 16:40:51,832,stormtrooper,resistance,7,3,9,1,Kashyyyk
2024-02-06 16:40:50,833,unknown,resistance,4,8,3,4,Umbara
2024-02-06 16:40:49,834,resistance_soldier,empire,3,8,4,6,Tholoth
2024-02-06 16:40:48,835,tie_silencer,empire,8,3,2,1,Aleen Minor
2024-02-06 16:40:47,836,stormtrooper,empire,7,9,7,7,Quermia
2024-02-06 16:40:46,837,unknown,empire,4,1,8,7,Concord Dawn
2024-02-06 16:40:45,838,tie_fighter,empire,8,7,8,2,Skako
2024-02-06 16:40:44,839,at-at,empire,9,2,9,3,Malastare
2024-02-06 16:40:43,840,stormtrooper,resistance,9,7,7,2,Cerea
2024-02-06 16:40:42,841,at-st,empire,2,8,2,9,Malastare
2024-02-06 16:40:41,842,unknown,empire,6,5,4,6,Serenno
2024-02-06 16:40:40,843,stormtrooper,empire,4,5,3,8,Corellia
2024-02-06 16:40:39,844,at-st,empire,8,4,7,7,Kashyyyk
2024-02-06 16:40:38,845,tie_silencer,empire,7,4,10,5,Serenno
2024-02-06 16:40:37,846,stormtrooper,empire,3,6,2,8,Mirial
2024-02-06 16:40:36,847,at-at,empire,5,8,4,5,Serenno
2024-02-06 16:40:35,848,x-wing,empire,7,4,4,2,Tatooine
2024-02-06 16:40:34,849,at-at,resistance,4,8,8,9,Cerea
2024-02-06 16:40:33,850,unknown,empire,1,8,1,6,Serenno
2024-02-06 16:40:32,851,resistance_soldier,resistance,7,10,7,10,Cerea
2024-02-06 16:40:31,852,stormtrooper,empire,9,6,6,1,Umbara
2024-02-06 16:40:30,853,tie_silencer,empire,8,8,2,10,Corellia
2024-02-06 16:40:29,854,tie_silencer,empire,6,10,1,8,Rodia
2024-02-06 16:40:28,855,stormtrooper,empire,9,1,7,10,Zolan
2024-02-06 16:40:27,856,unknown,empire,9,8,8,5,Toydaria
2024-02-06 16:40:26,857,unknown,resistance,9,7,9,3,Cerea
2024-02-06 16:40:25,858,stormtrooper,empire,8,6,4,2,Eriadu
2024-02-06 16:40:24,859,tie_fighter,resistance,9,4,7,2,Haruun Kal
2024-02-06 16:40:23,860,unknown,empire,9,10,9,7,Kalee
2024-02-06 16:40:22,861,resistance_soldier,resistance,1,1,6,5,Toydaria
2024-02-06 16:40:21,862,at-at,empire,8,10,1,7,Glee Anselm
2024-02-06 16:40:20,863,tie_silencer,empire,5,8,5,7,Trandosha
2024-02-06 16:40:19,864,stormtrooper,empire,7,7,8,2,Skako
2024-02-06 16:40:18,865,tie_silencer,empire,2,8,2,6,Dagobah
2024-02-06 16:40:17,866,stormtrooper,resistance,3,10,6,1,Mon Cala
2024-02-06 16:40:16,867,x-wing,resistance,6,5,8,5,Mon Cala
2024-02-06 16:40:15,868,stormtrooper,resistance,1,8,4,10,Umbara
2024-02-06 16:40:14,869,unknown,empire,4,3,7,4,Vulpter
2024-02-06 16:40:13,870,x-wing,resistance,4,7,7,2,Eriadu
2024-02-06 16:40:12,871,at-at,resistance,6,10,2,4,Socorro
2024-02-06 16:40:11,872,x-wing,empire,5,3,2,4,Champala
2024-02-06 16:40:10,873,tie_fighter,resistance,10,8,1,1,Dathomir
2024-02-06 16:40:09,874,x-wing,empire,10,5,5,3,Rodia
2024-02-06 16:40:08,875,at-st,resistance,10,5,3,7,Tatooine
2024-02-06 16:40:07,876,tie_silencer,resistance,10,1,6,4,Champala
2024-02-06 16:40:06,877,unknown,empire,2,7,6,9,Malastare
2024-02-06 16:40:05,878,at-st,resistance,8,8,5,10,Dathomir
2024-02-06 16:40:04,879,at-at,empire,9,2,4,6,Vulpter
2024-02-06 16:40:03,880,stormtrooper,resistance,4,7,5,4,Alderaan
2024-02-06 16:40:02,881,tie_fighter,empire,2,8,8,9,Mirial
2024-02-06 16:40:01,882,tie_fighter,resistance,9,7,10,10,Socorro
2024-02-06 16:40:00,883,tie_silencer,resistance,8,5,7,2,Tatooine
2024-02-06 16:39:59,884,at-st,resistance,3,2,4,2,Chandrila
2024-02-06 16:39:58,885,at-at,empire,4,5,2,7,Concord Dawn
2024-02-06 16:39:57,886,x-wing,resistance,9,4,5,6,Haruun Kal
2024-02-06 16:39:56,887,x-wing,resistance,9,10,10,10,Sullust
2024-02-06 16:39:55,888,at-st,empire,8,6,1,5,Kashyyyk
2024-02-06 16:39:54,889,at-st,resistance,3,10,5,2,Bestine IV
2024-02-06 16:39:53,890,at-st,empire,10,5,4,3,Champala
2024-02-06 16:39:52,891,stormtrooper,empire,9,10,10,5,Toydaria
2024-02-06 16:39:51,892,at-at,resistance,6,8,6,3,Bestine IV
2024-02-06 16:39:50,893,resistance_soldier,resistance,6,5,4,5,Malastare
2024-02-06 16:39:49,894,tie_silencer,empire,3,6,5,4,Ojom
2024-02-06 16:39:48,895,at-st,empire,5,9,1,3,Troiken
2024-02-06 16:39:47,896,tie_fighter,empire,6,4,2,7,Toydaria
2024-02-06 16:39:46,897,resistance_soldier,empire,5,1,6,10,Dorin
2024-02-06 16:39:45,898,x-wing,resistance,8,10,8,1,Trandosha
2024-02-06 16:39:44,899,x-wing,resistance,8,3,3,10,Malastare
2024-02-06 16:39:43,900,at-at,resistance,7,3,1,3,Kashyyyk
2024-02-06 16:39:42,901,unknown,resistance,3,9,5,2,Kalee
2024-02-06 16:39:41,902,at-st,empire,4,3,3,3,Iktotch
2024-02-06 16:39:40,903,x-wing,empire,8,10,8,5,Skako
2024-02-06 16:39:39,904,stormtrooper,empire,1,3,10,10,Tatooine
2024-02-06 16:39:38,905,unknown,empire,10,10,6,10,Serenno
2024-02-06 16:39:37,906,tie_fighter,resistance,6,2,2,9,Mon Cala
2024-02-06 16:39:36,907,tie_fighter,resistance,7,6,1,4,Sullust
2024-02-06 16:39:35,908,tie_silencer,resistance,2,8,1,6,Troiken
2024-02-06 16:39:34,909,at-st,resistance,4,1,6,5,Vulpter
2024-02-06 16:39:33,910,unknown,resistance,1,5,4,9,Champala
2024-02-06 16:39:32,911,stormtrooper,resistance,10,8,8,4,Tatooine
2024-02-06 16:39:31,912,tie_fighter,empire,8,3,9,3,Corellia
2024-02-06 16:39:30,913,stormtrooper,resistance,7,6,7,5,Chandrila
2024-02-06 16:39:29,914,stormtrooper,empire,1,3,6,1,Naboo
2024-02-06 16:39:28,915,unknown,resistance,10,9,6,9,Rodia
2024-02-06 16:39:27,916,unknown,resistance,2,9,10,3,Eriadu
2024-02-06 16:39:26,917,at-at,empire,3,2,5,1,Rodia
2024-02-06 16:39:25,918,at-at,empire,7,6,1,10,Serenno
2024-02-06 16:39:24,919,resistance_soldier,resistance,2,10,9,8,Alderaan
2024-02-06 16:39:23,920,tie_silencer,empire,2,9,3,4,Quermia
2024-02-06 16:39:22,921,tie_silencer,resistance,10,1,6,10,Kashyyyk
2024-02-06 16:39:21,922,resistance_soldier,resistance,7,4,10,4,Kalee
2024-02-06 16:39:20,923,unknown,resistance,4,4,6,3,Alderaan
2024-02-06 16:39:19,924,tie_fighter,resistance,10,10,2,7,Tholoth
2024-02-06 16:39:18,925,resistance_soldier,resistance,1,5,10,7,Naboo
2024-02-06 16:39:17,926,x-wing,empire,10,9,10,10,Quermia
2024-02-06 16:39:16,927,tie_silencer,empire,1,6,5,7,Glee Anselm
2024-02-06 16:39:15,928,tie_silencer,empire,5,8,2,7,Serenno
2024-02-06 16:39:14,929,x-wing,empire,1,4,5,6,Eriadu
2024-02-06 16:39:13,930,at-at,resistance,3,8,8,8,Dorin
2024-02-06 16:39:12,931,x-wing,resistance,8,6,8,10,Bestine IV
2024-02-06 16:39:11,932,x-wing,empire,4,4,2,7,Chandrila
2024-02-06 16:39:10,933,unknown,resistance,3,1,4,3,Alderaan
2024-02-06 16:39:09,934,tie_fighter,empire,5,6,7,8,Zolan
2024-02-06 16:39:08,935,at-at,empire,1,6,8,9,Muunilinst
2024-02-06 16:39:07,936,tie_silencer,resistance,2,5,8,4,Eriadu
2024-02-06 16:39:06,937,tie_fighter,empire,2,7,3,9,Trandosha
2024-02-06 16:39:05,938,resistance_soldier,empire,8,5,10,9,Ojom
2024-02-06 16:39:04,939,stormtrooper,empire,2,1,10,6,Malastare
2024-02-06 16:39:03,940,unknown,empire,10,8,8,2,Bestine IV
2024-02-06 16:39:02,941,at-at,empire,3,4,10,10,Dorin
2024-02-06 16:39:01,942,tie_fighter,resistance,2,3,7,1,Mon Cala
2024-02-06 16:39:00,943,at-st,empire,4,5,2,8,Stewjon
2024-02-06 16:38:59,944,x-wing,empire,2,4,2,3,Serenno
2024-02-06 16:38:58,945,resistance_soldier,resistance,7,9,10,6,Champala
2024-02-06 16:38:57,946,resistance_soldier,empire,4,1,5,2,Skako
2024-02-06 16:38:56,947,tie_silencer,empire,6,3,7,6,Dagobah
2024-02-06 16:38:55,948,at-st,empire,10,7,5,9,Skako
2024-02-06 16:38:54,949,tie_silencer,empire,9,1,10,6,Glee Anselm
2024-02-06 16:38:53,950,x-wing,resistance,5,3,1,8,Glee Anselm
2024-02-06 16:38:52,951,at-st,resistance,10,8,3,1,Champala
2024-02-06 16:38:51,952,tie_silencer,resistance,8,1,2,6,Alderaan
2024-02-06 16:38:50,953,stormtrooper,resistance,7,10,9,3,Malastare
2024-02-06 16:38:49,954,x-wing,empire,9,3,9,6,Dorin
2024-02-06 16:38:48,955,at-at,resistance,6,5,7,9,Troiken
2024-02-06 16:38:47,956,at-at,resistance,10,10,6,8,Umbara
2024-02-06 16:38:46,957,tie_silencer,empire,7,8,1,7,Aleen Minor
2024-02-06 16:38:45,958,at-at,empire,9,2,8,4,Tholoth
2024-02-06 16:38:44,959,tie_silencer,resistance,8,8,8,1,Cerea
2024-02-06 16:38:43,960,tie_fighter,resistance,5,2,4,7,Alderaan
2024-02-06 16:38:42,961,unknown,resistance,4,6,8,6,Ojom
2024-02-06 16:38:41,962,at-at,resistance,8,3,7,5,Iktotch
2024-02-06 16:38:40,963,at-st,resistance,3,1,6,4,Haruun Kal
2024-02-06 16:38:39,964,tie_fighter,resistance,10,4,9,5,Quermia
2024-02-06 16:38:38,965,x-wing,resistance,9,10,2,8,Sullust
2024-02-06 16:38:37,966,tie_fighter,empire,1,4,8,2,Cerea
2024-02-06 16:38:36,967,tie_fighter,empire,8,1,1,7,Quermia
2024-02-06 16:38:35,968,at-st,empire,7,7,2,1,Malastare
2024-02-06 16:38:34,969,tie_fighter,resistance,1,10,7,1,Aleen Minor
2024-02-06 16:38:33,970,at-st,resistance,5,9,9,8,Muunilinst
2024-02-06 16:38:32,971,tie_silencer,resistance,4,6,2,6,Ojom
2024-02-06 16:38:31,972,tie_silencer,resistance,3,1,1,1,Chandrila
2024-02-06 16:38:30,973,tie_fighter,resistance,10,7,4,7,Socorro
2024-02-06 16:38:29,974,unknown,empire,6,2,9,9,Eriadu
2024-02-06 16:38:28,975,tie_fighter,empire,3,7,8,3,Aleen Minor
2024-02-06 16:38:27,976,unknown,resistance,2,8,4,9,Vulpter
2024-02-06 16:38:26,977,at-st,resistance,7,10,7,3,Dathomir
2024-02-06 16:38:25,978,at-st,resistance,7,5,8,8,Aleen Minor
2024-02-06 16:38:24,979,tie_fighter,empire,9,7,8,2,Dagobah
2024-02-06 16:38:23,980,tie_fighter,empire,7,6,2,8,Corellia
2024-02-06 16:38:22,981,at-at,resistance,3,10,6,8,Mon Cala
2024-02-06 16:38:21,982,at-at,resistance,8,5,4,6,Mon Cala
2024-02-06 16:38:20,983,resistance_soldier,empire,6,6,7,1,Tund
2024-02-06 16:38:19,984,x-wing,empire,1,5,10,8,Dagobah
2024-02-06 16:38:18,985,resistance_soldier,empire,9,10,9,10,Mirial
2024-02-06 16:38:17,986,tie_silencer,empire,10,1,8,10,Toydaria
2024-02-06 16:38:16,987,x-wing,resistance,8,3,2,2,Iridonia
2024-02-06 16:38:15,988,at-at,resistance,9,5,2,3,Troiken
2024-02-06 16:38:14,989,resistance_soldier,empire,10,7,8,3,Kashyyyk
2024-02-06 16:38:13,990,resistance_soldier,empire,1,6,9,8,Skako
2024-02-06 16:38:12,991,at-st,empire,9,1,6,6,Ojom
2024-02-06 16:38:11,992,x-wing,resistance,9,4,2,2,Socorro
2024-02-06 16:38:10,993,at-st,resistance,9,3,4,2,Umbara
2024-02-06 16:38:09,994,tie_silencer,empire,6,2,7,8,Aleen Minor
2024-02-06 16:38:08,995,tie_fighter,resistance,2,9,9,4,Shili
2024-02-06 16:38:07,996,unknown,empire,5,2,10,8,Dagobah
2024-02-06 16:38:06,997,tie_fighter,empire,4,8,9,6,Dagobah
2024-02-06 16:38:05,998,resistance_soldier,resistance,5,4,4,4,Haruun Kal
2024-02-06 16:38:04,999,resistance_soldier,empire,10,7,5,3,Stewjon
2024-02-06 16:38:03,1000,tie_fighter,resistance,1,9,1,6,Haruun Kal
